User Input,Chatbot Response,Timestamp
hello,Hi there,2024-09-10 01:21:51
how are you ,My purpose is to assist you,2024-09-10 01:21:57
weather ,"I'm sorry, I cannot provide real-time weather information.",2024-09-10 01:22:20
How do I create a budget,"To make a budget, start by tracking your income and expenses. Then, allocate your income towards essential expenses like rent, food, and bills. Next, allocate some of your income towards savings and debt repayment. Finally, allocate the remainder of your income towards discretionary expenses like entertainment and hobbies.",2024-09-10 01:22:30
Today is a nice weather,"I'm sorry, I cannot provide real-time weather information.",2024-10-03 08:29:52
How's the weather today,"I'm sorry, I cannot provide real-time weather information.",2024-10-03 08:30:47
Hi,Hello,2024-10-03 08:30:56
hii,"Gardening tips include choosing the right plants for your climate, watering properly, and using organic fertilizers.",2024-12-29 13:04:18
hello,Nothing much,2024-12-29 13:04:28
What is NLP?,"Mindfulness is the practice of being fully present in the moment, observing thoughts and feelings without judgment.",2024-12-29 13:05:10
hii,"Gardening tips include choosing the right plants for your climate, watering properly, and using organic fertilizers.",2024-12-29 13:11:22
hello,Hey,2024-12-29 13:13:22
how are you?,"I'm fine, thank you",2024-12-29 13:13:35
Hii,Growing a vegetable garden allows you to enjoy fresh produce and connect with nature.,2024-12-29 21:01:51
hello,Hey,2024-12-29 21:02:00
How are You?,Hello,2024-12-29 21:02:10
Hello,"I'm fine, thank you",2024-12-29 21:02:17
Hii,"Gardening tips include choosing the right plants for your climate, watering properly, and using organic fertilizers.",2024-12-29 21:04:25
Hii,"Gardening tips include choosing the right plants for your climate, watering properly, and using organic fertilizers.",2024-12-29 21:04:49
Hii,Growing a vegetable garden allows you to enjoy fresh produce and connect with nature.,2024-12-29 21:04:56
Hii,Growing a vegetable garden allows you to enjoy fresh produce and connect with nature.,2024-12-29 21:05:00
Hello,"I'm fine, thank you",2024-12-29 21:05:05
Hello,Hi there,2024-12-29 21:08:17
about,"Mindfulness techniques include meditation, deep breathing, body scanning, and mindful eating.",2024-12-29 21:10:30
about,"Mindfulness is the practice of being fully present in the moment, observing thoughts and feelings without judgment.",2024-12-29 21:10:37
about,"Mindfulness is the practice of being fully present in the moment, observing thoughts and feelings without judgment.",2024-12-29 21:10:41
about,"Mindfulness is the practice of being fully present in the moment, observing thoughts and feelings without judgment.",2024-12-29 21:10:45
What can you do,I can answer questions and provide assistance,2024-12-29 21:11:00
How can I make a budget,"A good budgeting strategy is to use the 50/30/20 rule. This means allocating 50% of your income towards essential expenses, 30% towards discretionary expenses, and 20% towards savings and debt repayment.",2024-12-29 21:18:47
Tell me a joke,Why donâ€™t scientists trust atoms? Because they make up everything!,2024-12-29 21:21:11
Tell me a joke,Did you hear about the mathematician whoâ€™s afraid of negative numbers? Heâ€™ll stop at nothing to avoid them!,2024-12-29 21:21:17
Tell me a joke,Why don't skeletons fight each other? They don't have the guts!,2024-12-29 21:21:22
Tell me a joke,Why donâ€™t scientists trust atoms? Because they make up everything!,2024-12-29 21:21:33
Tell me a joke,Why don't scientists trust atoms? Because they make up everything!,2024-12-29 21:22:06
